Country,Total (km2),Land (km2),Water (km2),Country,Region,Continent,Country,Official state name,Sovereignty,Alpha-2 code,Alpha-3 code,Numeric code,Internet ccTLD,Country,Constitutional form,Head of state,Capital
Abkhazia,8660,,,Afghanistan,Southern Asia,Asia,Afghanistan,The Islamic Republic of Afghanistan,UN member state,AF,AFG,4.0,.af,Afghanistan,Provisional,Hibatullah Akhundzada,Kabul
Afghanistan,652864,652864.0,0.0,Åland,Northern Europe,Europe,Åland Islands,Åland,Finland,AX,ALA,248.0,.ax,Albania,Republic,Edi Rama,Tirana
Akrotiri and Dhekelia,254,,,Albania,Southern Europe,Europe,Albania,The Republic of Albania,UN member state,AL,ALB,8.0,.al,Algeria,Republic,Abdelmadjid Tebboune,Algiers
Åland,1580,,,Algeria,Northern Africa,Africa,Algeria,The People's Democratic Republic of Algeria,UN member state,DZ,DZA,12.0,.dz,Andorra,Constitutional monarchy,Xavier Espot Zamora,Andorra la Vella
Albania,28748,27398.0,1350.0,American Samoa,Polynesia,Oceania,American Samoa,The Territory of American Samoa,United States,AS,ASM,16.0,.as,Angola,Republic,João Lourenço,Luanda
Algeria,2381741,2381741.0,0.0,Andorra,Southern Europe,Europe,Andorra,The Principality of Andorra,UN member state,AD,AND,20.0,.ad,Antigua and Barbuda,Constitutional monarchy,Gaston Browne,St. John's
American Samoa,199,199.0,0.0,Angola,Middle Africa,Africa,Angola,The Republic of Angola,UN member state,AO,AGO,24.0,.ao,Argentina,Republic,Alberto Fernández,Buenos Aires
Andorra,468,468.0,0.0,Anguilla,Caribbean,North America,Anguilla,Anguilla,United Kingdom,AI,AIA,660.0,.ai,Armenia,Republic,Nikol Pashinyan,Yerevan
Angola,1246700,1246700.0,0.0,Antarctica,,Antarctica,Antarctica,All land and ice shelves south of the 60th parallel south,Antarctic Treaty,AQ,ATA,10.0,.aq,Australia,Constitutional monarchy,Scott Morrison,Canberra
Anguilla,91,91.0,0.0,Antigua and Barbuda,Caribbean,North America,Antigua and Barbuda,Antigua and Barbuda,UN member state,AG,ATG,28.0,.ag,Austria,Republic,Karl Nehammer,Vienna
Antarctica,14200000,14200000.0,0.0,Argentina,Latin America,South America,Argentina,The Argentine Republic,UN member state,AR,ARG,32.0,.ar,Azerbaijan,Republic,Ilham Aliyev,Baku
Antigua and Barbuda,442,443.0,0.0,Armenia,Western Asia,Asia,Armenia,The Republic of Armenia,UN member state,AM,ARM,51.0,.am,Bahamas,Constitutional monarchy,Philip Davis,Nassau
Argentina,2780400,2736690.0,43710.0,Aruba,Caribbean,North America,Aruba,Aruba,Netherlands,AW,ABW,533.0,.aw,Bahrain,Constitutional monarchy,Sheikh Hamad bin Isa Al Khalifa,Manama
Armenia,29743,28342.0,1401.0,Australia,Australia and New Zealand,Oceania,Australia,The Commonwealth of Australia,UN member state,AU,AUS,36.0,.au,Bangladesh,Republic,Sheikh Hasina,Dhaka
Artsakh,3170,3170.0,,Austria,Western Europe,Europe,Austria,The Republic of Austria,UN member state,AT,AUT,40.0,.at,Barbados,Republic,Mia Mottley,Bridgetown
Aruba,180,180.0,0.0,Azerbaijan,Western Asia,Asia,Azerbaijan,The Republic of Azerbaijan,UN member state,AZ,AZE,31.0,.az,Belarus,Republic,Alexander Lukashenko,Minsk
Ashmore and Cartier Islands,5,5.0,0.0,Bahamas,Caribbean,North America,Bahamas,The Commonwealth of The Bahamas,UN member state,BS,BHS,44.0,.bs,Belgium,Constitutional monarchy,Alexander De Croo,Brussels
Australia,7692024,7633565.0,58459.0,Bahrain,Western Asia,Asia,Bahrain,The Kingdom of Bahrain,UN member state,BH,BHR,48.0,.bh,Belize,Constitutional monarchy,John Briceño,Belmopan
Austria,83871,82445.0,1426.0,Bangladesh,Southern Asia,Asia,Bangladesh,The People's Republic of Bangladesh,UN member state,BD,BGD,50.0,.bd,Benin,Republic,Patrice Talon,Porto Novo
Azerbaijan,86600,86100.0,500.0,Barbados,Caribbean,North America,Barbados,Barbados,UN member state,BB,BRB,52.0,.bb,Bhutan,Constitutional monarchy,Jigme Khesar Namgyel Wangchuck,Thimphu
Bahamas,13943,10010.0,3870.0,Belarus,Eastern Europe,Europe,Belarus,The Republic of Belarus,UN member state,BY,BLR,112.0,.by,Bolivia,Republic,Luis Arce,Sucre
Bahrain,785,785.0,0.0,Belgium,Western Europe,Europe,Belgium,The Kingdom of Belgium,UN member state,BE,BEL,56.0,.be,Bosnia and Herzegovina,Republic,Šefik Džaferović,Sarajevo
Bangladesh,148460,134208.0,14252.0,Belize,Central America,North America,Belize,Belize,UN member state,BZ,BLZ,84.0,.bz,Botswana,Republic,Mokgweetsi Masisi,Gaborone
Barbados,430,431.0,0.0,Benin,Western Africa,Africa,Benin,The Republic of Benin,UN member state,BJ,BEN,204.0,.bj,Brazil,Republic,Jair Bolsonaro,Brasilia
Belarus,207600,202900.0,4700.0,Bermuda,Northern America,North America,Bermuda,Bermuda,United Kingdom,BM,BMU,60.0,.bm,Brunei,Absolute monarchy,Sultan and Hassanal Bolkiah,Bandar Seri Begawan
Belgium,30528,30278.0,250.0,Bhutan,Southern Asia,Asia,Bhutan,The Kingdom of Bhutan,UN member state,BT,BTN,64.0,.bt,Bulgaria,Republic,Kiril Petkov,Sofia
Belize,22966,22806.0,160.0,Bolivia,Latin America,South America,Bolivia,The Plurinational State of Bolivia,UN member state,BO,BOL,68.0,.bo,Burkina Faso,Provisional,Paul-Henri Sandaogo Damiba,Ouagadougou
Benin,114763,114305.0,458.0,Bosnia and Herzegovina,Southern Europe,Europe,Bonaire,"Bonaire, Sint Eustatius and Saba",Netherlands,BQ,BES,535.0,.nl ,Burundi,Republic,Évariste Ndayishimiye,Bujumbura
Bermuda,54,54.0,0.0,Botswana,Southern Africa,Africa,Bosnia and Herzegovina,Bosnia and Herzegovina,UN member state,BA,BIH,70.0,.ba,Cambodia,Constitutional monarchy,Hun Sen,Phnom Penh
Bhutan,38394,38394.0,0.0,Bouvet Island,Latin America,South America,Botswana,The Republic of Botswana,UN member state,BW,BWA,72.0,.bw,Cameroon,Republic,Paul Biya,Yaoundé
Bir Tawil,2060,2060.0,0.0,Brazil,Latin America,South America,Bouvet Island,Bouvet Island,Norway,BV,BVT,74.0,,Canada,Constitutional monarchy,Justin Trudeau,Ottawa
Bolivia,1098581,1083301.0,15280.0,British Indian Ocean Territory,Eastern Africa,Africa,Brazil,The Federative Republic of Brazil,UN member state,BR,BRA,76.0,.br,Cape Verde,Republic,José Maria Neves,Praia
Bonaire,294,294.0,0.0,British Virgin Islands,Caribbean,North America,British Indian Ocean Territory,The British Indian Ocean Territory,United Kingdom,IO,IOT,86.0,.io,Central African Republic,Republic,Faustin-Archange Touadéra,Bangui
Bosnia and Herzegovina,51209,51187.0,10.0,Brunei,South-eastern Asia,Asia,Brunei Darussalam,"The Nation of Brunei, the Abode of Peace",UN member state,BN,BRN,96.0,.bn,Chad,Provisional,Mahamat Déby,N'Djamena
Botswana,581730,566730.0,15000.0,Bulgaria,Eastern Europe,Europe,Bulgaria,The Republic of Bulgaria,UN member state,BG,BGR,100.0,.bg,Chile,Republic,Gabriel Boric,Santiago
Bouvet Island,49,49.0,0.0,Burkina Faso,Western Africa,Africa,Burkina Faso,Burkina Faso,UN member state,BF,BFA,854.0,.bf,China,Republic,Xi Jinping,Beijing
Brazil,8515767,8460415.0,55352.0,Burundi,Eastern Africa,Africa,Burundi,The Republic of Burundi,UN member state,BI,BDI,108.0,.bi,Colombia,Republic,Iván Duque,Bogota
British Indian Ocean Territory,60,60.0,54340.0,Cabo Verde,Western Africa,Africa,Cabo Verde,The Republic of Cabo Verde,UN member state,CV,CPV,132.0,.cv,Comoros,Republic,Azali Assoumani,Moroni
British Virgin Islands,151,151.0,0.0,Cambodia,South-eastern Asia,Asia,Cambodia,The Kingdom of Cambodia,UN member state,KH,KHM,116.0,.kh,Democratic Republic of the Congo,Republic,Félix Tshisekedi,Kinshasa
Brunei,5765,5265.0,500.0,Cameroon,Middle Africa,Africa,Cameroon,The Republic of Cameroon,UN member state,CM,CMR,120.0,.cm,Republic of the Congo,Republic,Denis Sassou Nguesso,Brazzaville
Bulgaria,111002,108612.0,2390.0,Canada,Northern America,North America,Canada,Canada,UN member state,CA,CAN,124.0,.ca,Costa Rica,Republic,Carlos Alvarado Quesada,San José
Burkina Faso,274222,273602.0,620.0,Caribbean Netherlands,Caribbean,North America,Cayman Islands,The Cayman Islands,United Kingdom,KY,CYM,136.0,.ky,Côte d'Ivoire,Republic,Alassane Ouattara,Yamoussoukro
Burundi,27834,25680.0,2150.0,Cayman Islands,Caribbean,North America,Central African Republic,The Central African Republic,UN member state,CF,CAF,140.0,.cf,Croatia,Republic,Andrej Plenković,Zagreb
Cambodia,181035,176515.0,4520.0,Central African Republic,Middle Africa,Africa,Chad,The Republic of Chad,UN member state,TD,TCD,148.0,.td,Cuba,Republic,Miguel Díaz-Canel,Havana
Cameroon,475442,472710.0,2730.0,Chad,Middle Africa,Africa,Chile,The Republic of Chile,UN member state,CL,CHL,152.0,.cl,Cyprus,Republic,Nicos Anastasiades,Nicosia
Canada,9984670,9093507.0,891163.0,Chile,Latin America,South America,China,The People's Republic of China,UN member state,CN,CHN,156.0,.cn,Czechia,Republic,Petr Fiala,Prague
Cape Verde,4033,4033.0,0.0,China,Eastern Asia,Asia,Christmas Island,The Territory of Christmas Island,Australia,CX,CXR,162.0,.cx,Denmark,Constitutional monarchy,Mette Frederiksen,Copenagen
Cayman Islands,264,264.0,0.0,Christmas Island,Australia and New Zealand,Oceania,Cocos (Keeling) Islands,The Territory of Cocos (Keeling) Islands,Australia,CC,CCK,166.0,.cc,Djibouti,Republic,Ismaïl Omar Guelleh,Djibouti
Central African Republic,622984,622984.0,0.0,Cocos (Keeling) Islands,Australia and New Zealand,Oceania,Colombia,The Republic of Colombia,UN member state,CO,COL,170.0,.co,Dominica,Republic,Roosevelt Skerrit,Roseau
Chad,1284000,1259200.0,24800.0,Colombia,Latin America,South America,Comoros,The Union of the Comoros,UN member state,KM,COM,174.0,.km,Dominican Republic,Republic,Luis Abinader,Santo Domingo
Chile,756102,743812.0,12290.0,Comoros,Eastern Africa,Africa,Democratic Republic of the Congo,The Democratic Republic of the Congo,UN member state,CD,COD,180.0,.cd,Timor-Leste,Republic,Francisco Guterres,Dili
China,9596961,9326410.0,270550.0,Republic of the Congo,Middle Africa,Africa,Congo,The Republic of the Congo,UN member state,CG,COG,178.0,.cg,Ecuador,Republic,Guillermo Lasso,Quito
Christmas Island,135,135.0,0.0,Cook Islands,Polynesia,Oceania,Cook Islands,The Cook Islands,New Zealand,CK,COK,184.0,.ck,Egypt,Republic,Abdel Fattah el-Sisi,Cairo
Clipperton Island,6,2.0,4.0,Costa Rica,Central America,North America,Costa Rica,The Republic of Costa Rica,UN member state,CR,CRI,188.0,.cr,El Salvador,Republic,Nayib Bukele,San Salvador
Cocos Islands,14,14.0,0.0,Côte d'Ivoire,Western Africa,Africa,Côte d'Ivoire,The Republic of Côte d'Ivoire,UN member state,CI,CIV,384.0,.ci,Equatorial Guinea,Republic,Teodoro Obiang Nguema Mbasogo,Malabo
Colombia,1141748,1038700.0,100210.0,Croatia,Southern Europe,Europe,Croatia,The Republic of Croatia,UN member state,HR,HRV,191.0,.hr,Eritrea,Republic,Isaias Afwerki,Asmara
Comoros,1862,1862.0,0.0,Cuba,Caribbean,North America,Cuba,The Republic of Cuba,UN member state,CU,CUB,192.0,.cu,Estonia,Republic,Kaja Kallas,Tallinn
DR Congo,2344858,2267048.0,77810.0,Curaçao,Caribbean,North America,Curaçao,The Country of Curaçao,Netherlands,CW,CUW,531.0,.cw,Eswatini,Absolute monarchy,Mswati III,Mbabane
Congo,342000,341500.0,500.0,Cyprus,Western Asia,Asia,Cyprus,The Republic of Cyprus,UN member state,CY,CYP,196.0,.cy,Ethiopia,Republic,Abiy Ahmed,Addis Ababa
Cook Islands,236,236.0,0.0,Czechia,Eastern Europe,Europe,Czechia,The Czech Republic,UN member state,CZ,CZE,203.0,.cz,Fiji,Republic,Frank Bainimarama,Suva
Coral Sea Islands,2,2.0,0.0,North Korea,Eastern Asia,Asia,Denmark,The Kingdom of Denmark,UN member state,DK,DNK,208.0,.dk,Finland,Republic,Sanna Marin,Helsinki
Costa Rica,51100,51060.0,40.0,Denmark,Northern Europe,Europe,Djibouti,The Republic of Djibouti,UN member state,DJ,DJI,262.0,.dj,France,Republic,Emmanuel Macron,Paris
Croatia,56594,55974.0,620.0,Djibouti,Eastern Africa,Africa,Dominica,The Commonwealth of Dominica,UN member state,DM,DMA,212.0,.dm,Gabon,Republic,Ali Bongo Ondimba,Libreville
Cuba,109884,109884.0,0.0,Dominica,Caribbean,North America,Dominican Republic,The Dominican Republic,UN member state,DO,DOM,214.0,.do,Gambia,Republic,Adama Barrow,Banjul
Curaçao,444,444.0,0.0,Dominican Republic,Caribbean,North America,Ecuador,The Republic of Ecuador,UN member state,EC,ECU,218.0,.ec,Georgia,Republic,Irakli Garibashvili,Tbilisi
Cyprus,9251,9241.0,10.0,Democratic Republic of the Congo,Middle Africa,Africa,Egypt,The Arab Republic of Egypt,UN member state,EG,EGY,818.0,.eg,Germany,Republic,Olaf Scholz,Berlin
Czechia,78871,77199.0,1672.0,Ecuador,Latin America,South America,El Salvador,The Republic of El Salvador,UN member state,SV,SLV,222.0,.sv,Ghana,Republic,Nana Akufo-Addo,Accra
Kingdom of Denmark,2220093,2220072.0,21.0,Egypt,Northern Africa,Africa,Equatorial Guinea,The Republic of Equatorial Guinea,UN member state,GQ,GNQ,226.0,.gq,Greece,Republic,Kyriakos Mitsotakis,Athens
Denmark,43094,42434.0,660.0,El Salvador,Central America,North America,Eritrea,The State of Eritrea,UN member state,ER,ERI,232.0,.er,Grenada,Constitutional monarchy,Keith Mitchell,St. George's
Djibouti,23200,23180.0,20.0,Equatorial Guinea,Middle Africa,Africa,Estonia,The Republic of Estonia,UN member state,EE,EST,233.0,.ee,Guatemala,Republic,Alejandro Giammattei,Guatemala City
Dominica,751,751.0,0.0,Eritrea,Eastern Africa,Africa,Eswatini,The Kingdom of Eswatini,UN member state,SZ,SWZ,748.0,.sz,Guinea,Provisional,Mamady Doumbouya,Conakry
Dominican Republic,48671,48320.0,350.0,Estonia,Northern Europe,Europe,Ethiopia,The Federal Democratic Republic of Ethiopia,UN member state,ET,ETH,231.0,.et,Guinea-Bissau,Republic,Umaro Sissoco Embaló,Bissau
East Timor,14919,14919.0,0.0,Eswatini,Southern Africa,Africa,Falkland Islands ,The Falkland Islands,United Kingdom,FK,FLK,238.0,.fk,Guyana,Republic,Irfaan Ali,Georgetown
Ecuador,276841,256369.0,6720.0,Ethiopia,Eastern Africa,Africa,Faroe Islands,The Faroe Islands,Denmark,FO,FRO,234.0,.fo,Haiti,Republic,Ariel Henry,Port-au-Prince
Egypt,1002450,995450.0,6000.0,Falkland Islands,Latin America,South America,Fiji,The Republic of Fiji,UN member state,FJ,FJI,242.0,.fj,Honduras,Republic,Xiomara Castro,Tegucigalpa
El Salvador,21041,20721.0,320.0,Faroe Islands,Northern Europe,Europe,Finland,The Republic of Finland,UN member state,FI,FIN,246.0,.fi,Hungary,Republic,Viktor Orbán,Budapest
Equatorial Guinea,28051,28051.0,0.0,Fiji,Melanesia,Oceania,France,The French Republic,UN member state,FR,FRA,250.0,.fr,Iceland,Republic,Katrín Jakobsdóttir,Reykjavík
Eritrea,117600,101000.0,16600.0,Finland,Northern Europe,Europe,French Guiana,Guyane,France,GF,GUF,254.0,.gf,India,Republic,Narendra Modi,New Delhi
Estonia,45227,42388.0,2840.0,France,Western Europe,Europe,French Polynesia,French Polynesia,France,PF,PYF,258.0,.pf,Indonesia,Republic,Joko Widodo,Jakarta
Eswatini,17364,17204.0,160.0,French Guiana,Latin America,South America,French Southern Territories,The French Southern and Antarctic Lands,France,TF,ATF,260.0,.tf,Iran,Republic,Supreme Ali Khamenei,Tehran
Ethiopia,1104300,1000000.0,104300.0,French Polynesia,Polynesia,Oceania,Gabon,The Gabonese Republic,UN member state,GA,GAB,266.0,.ga,Iraq,Republic,Mustafa Al-Kadhimi,Baghdad
Falkland Islands,12173,12173.0,0.0,French Southern and Antarctic Lands,Eastern Africa,Africa,Gambia,The Republic of The Gambia,UN member state,GM,GMB,270.0,.gm,Ireland,Republic,Micheál Martin,Dublin
Faroe Islands,1393,1393.0,,Gabon,Middle Africa,Africa,Georgia,Georgia,UN member state,GE,GEO,268.0,.ge,Israel,Republic,Naftali Bennett,Jerusalem
Fiji,18272,18274.0,0.0,Gambia,Western Africa,Africa,Germany,The Federal Republic of Germany,UN member state,DE,DEU,276.0,.de,Italy,Republic,Mario Draghi,Rome
Finland,338425,303816.0,34330.0,Georgia,Western Asia,Asia,Ghana,The Republic of Ghana,UN member state,GH,GHA,288.0,.gh,Jamaica,Constitutional monarchy,Andrew Holness,Kingston
France,640679,640427.0,3374.0,Germany,Western Europe,Europe,Gibraltar,Gibraltar,United Kingdom,GI,GIB,292.0,.gi,Japan,Constitutional monarchy,Fumio Kishida,Tokyo
French Polynesia,4167,3827.0,340.0,Ghana,Western Africa,Africa,Greece,The Hellenic Republic,UN member state,GR,GRC,300.0,.gr,Jordan,Constitutional monarchy,Abdullah II,Amman
French Southern Territories,7747,7668.0,80.0,Gibraltar,Southern Europe,Europe,Greenland,Kalaallit Nunaat,Denmark,GL,GRL,304.0,.gl,Kazakhstan,Republic,Qasym-Zhomart Toqaev,Astana
Gabon,267668,257667.0,10000.0,Greece,Southern Europe,Europe,Grenada,Grenada,UN member state,GD,GRD,308.0,.gd,Kenya,Republic,Uhuru Kenyatta,Nairobi
Gambia,11295,10000.0,1295.0,Greenland,Northern America,North America,Guadeloupe,Guadeloupe,France,GP,GLP,312.0,.gp,Kiribati,Republic,Taneti Maamau,Tarawa
Georgia,69700,69700.0,0.0,Grenada,Caribbean,North America,Guam,The Territory of Guam,United States,GU,GUM,316.0,.gu,Kuwait,Constitutional monarchy,Sheikh Nawaf Al-Ahmad Al-Jaber Al-Sabah,Kuwait City
Germany,357114,348672.0,8350.0,Guadeloupe,Caribbean,North America,Guatemala,The Republic of Guatemala,UN member state,GT,GTM,320.0,.gt,Kyrgyzstan,Republic,Sadyr Dzaparov,Bishkek
Ghana,238533,227533.0,11000.0,Guam,Micronesia,Oceania,Guernsey,The Bailiwick of Guernsey,British Crown,GG,GGY,831.0,.gg,Laos,Republic,Thongloun Sisoulith,Vientiane
Gibraltar,6,7.0,0.0,Guatemala,Central America,North America,Guinea,The Republic of Guinea,UN member state,GN,GIN,324.0,.gn,Latvia,Republic,Krišjānis Kariņš,Riga
Greece,131957,130647.0,1310.0,Guernsey,Northern Europe,Europe,Guinea-Bissau,The Republic of Guinea-Bissau,UN member state,GW,GNB,624.0,.gw,Lebanon,Republic,Najib Mikati,Beirut
Greenland,2166086,2166086.0,0.0,Guinea,Western Africa,Africa,Guyana,The Co-operative Republic of Guyana,UN member state,GY,GUY,328.0,.gy,Lesotho,Constitutional monarchy,Moeketsi Majoro,Maseru
Grenada,344,344.0,0.0,Guinea-Bissau,Western Africa,Africa,Haiti,The Republic of Haiti,UN member state,HT,HTI,332.0,.ht,Liberia,Republic,George Weah,Monrovia
Guam,549,544.0,0.0,Guyana,Latin America,South America,Heard Island and McDonald Islands,The Territory of Heard Island and McDonald Islands,Australia,HM,HMD,334.0,.hm,Libya,Provisional,Mohamed al-Menfi,Tripoli
Guatemala,108889,107159.0,1730.0,Haiti,Caribbean,North America,Vatican City,The Holy See,UN observer state,VA,VAT,336.0,.va,Liechtenstein,Constitutional monarchy,Hereditary Prince Alois,Vaduz
Guernsey,78,78.0,0.0,Heard Island and McDonald Islands,Australia and New Zealand,Oceania,Honduras,The Republic of Honduras,UN member state,HN,HND,340.0,.hn,Lithuania,Republic,Gitanas Nausėda,Vilnius
Guinea,245857,245717.0,140.0,Vatican City,Southern Europe,Europe,Hong Kong,The Hong Kong Special Administrative Region of China,China,HK,HKG,344.0,.hk,Luxembourg,Constitutional monarchy,Xavier Bettel,Luxembourg
Guinea-Bissau,36125,28120.0,8005.0,Honduras,Central America,North America,Hungary,Hungary,UN member state,HU,HUN,348.0,.hu,Madagascar,Republic,Andry Rajoelina,Antananarivo
Guyana,214969,196849.0,18120.0,Hungary,Eastern Europe,Europe,Iceland,Iceland,UN member state,IS,ISL,352.0,.is,Malawi,Republic,Lazarus Chakwera,Lilongwe
Haiti,27750,27560.0,190.0,Iceland,Northern Europe,Europe,India,The Republic of India,UN member state,IN,IND,356.0,.in,Malaysia,Constitutional monarchy,Ismail Sabri Yaakob,Kuala Lumpur
Heard Island and McDonald Islands,412,412.0,0.0,India,Southern Asia,Asia,Indonesia,The Republic of Indonesia,UN member state,ID,IDN,360.0,.id,Maldives,Republic,Ibrahim Mohamed Solih,Malé
Honduras,112492,111890.0,200.0,Indonesia,South-eastern Asia,Asia,Iran,The Islamic Republic of Iran,UN member state,IR,IRN,364.0,.ir,Mali,Provisional,Interim Assimi Goïta,Bamako
Hong Kong,2755,1106.0,1649.0,Iran,Southern Asia,Asia,Iraq,The Republic of Iraq,UN member state,IQ,IRQ,368.0,.iq,Malta,Republic,Robert Abela,Valletta
Hungary,93028,89608.0,3420.0,Iraq,Western Asia,Asia,Ireland,Ireland,UN member state,IE,IRL,372.0,.ie,Marshall Islands,Republic,David Kabua,Majuro
Iceland,103000,100250.0,2750.0,Ireland,Northern Europe,Europe,Isle of Man,The Isle of Man,British Crown,IM,IMN,833.0,.im,Mauritania,Republic,Mohamed Ould Ghazouani,Nouakchott
India,3287263,2973190.0,314073.0,Isle of Man,Northern Europe,Europe,Israel,The State of Israel,UN member state,IL,ISR,376.0,.il,Mauritius,Republic,Pravind Jugnauth,Port Louis
Indonesia,1904569,1811569.0,93000.0,Israel,Western Asia,Asia,Italy,The Italian Republic,UN member state,IT,ITA,380.0,.it,Mexico,Republic,Andrés Manuel López Obrador,Mexico City
Iran,1648195,1531595.0,116600.0,Italy,Southern Europe,Europe,Jamaica,Jamaica,UN member state,JM,JAM,388.0,.jm,Micronesia,Republic,David W. Panuelo,Palikir
Iraq,438317,437367.0,950.0,Jamaica,Caribbean,North America,Japan,Japan,UN member state,JP,JPN,392.0,.jp,Moldova,Republic,Natalia Gavrilița,Chisinau
Ireland,70273,68883.0,1390.0,Japan,Eastern Asia,Asia,Jersey,The Bailiwick of Jersey,British Crown,JE,JEY,832.0,.je,Monaco,Constitutional monarchy,Albert II,Monaco
Isle of Man,572,572.0,0.0,Jersey,Northern Europe,Europe,Jordan,The Hashemite Kingdom of Jordan,UN member state,JO,JOR,400.0,.jo,Mongolia,Republic,Ukhnaagiin Khürelsükh,Ulaanbaatar
Israel,20770,20330.0,440.0,Jordan,Western Asia,Asia,Kazakhstan,The Republic of Kazakhstan,UN member state,KZ,KAZ,398.0,.kz,Montenegro,Republic,Dritan Abazovic,Podgorica
Italy,301339,294140.0,7200.0,Kazakhstan,Central Asia,Asia,Kenya,The Republic of Kenya,UN member state,KE,KEN,404.0,.ke,Morocco,Constitutional monarchy,Mohammed VI,Rabat
Ivory Coast,322463,318003.0,4460.0,Kenya,Eastern Africa,Africa,Kiribati,The Republic of Kiribati,UN member state,KI,KIR,296.0,.ki,Mozambique,Republic,Filipe Nyusi,Maputo
Jamaica,10991,10831.0,160.0,Kiribati,Micronesia,Oceania,Democratic People's Republic of Korea,The Democratic People's Republic of Korea,UN member state,KP,PRK,408.0,.kp,Myanmar,Provisional,Min Aung Hlaing,Naypyidaw
Jan Mayen,377,377.0,0.0,Kuwait,Western Asia,Asia,Republic of Korea,The Republic of Korea,UN member state,KR,KOR,410.0,.kr,Namibia,Republic,Hage Geingob,Windhoek
Japan,377976,364546.0,13430.0,Kyrgyzstan,Central Asia,Asia,Kuwait,The State of Kuwait,UN member state,KW,KWT,414.0,.kw,Nauru,Republic,Lionel Aingimea,Yaren
Jersey,116,116.0,0.0,Laos,South-eastern Asia,Asia,Kyrgyzstan,The Kyrgyz Republic,UN member state,KG,KGZ,417.0,.kg,Nepal,Republic,Sher Bahadur Deuba,Kathmandu
Jordan,89342,88802.0,540.0,Latvia,Northern Europe,Europe,Lao People's Democratic Republic,The Lao People's Democratic Republic,UN member state,LA,LAO,418.0,.la,Netherlands,Constitutional monarchy,Mark Rutte,Amsterdam
Kazakhstan,2724900,2699700.0,25200.0,Lebanon,Western Asia,Asia,Latvia,The Republic of Latvia,UN member state,LV,LVA,428.0,.lv,New Zealand,Constitutional monarchy,Jacinda Ardern,Wellington
Kenya,580367,569140.0,11227.0,Lesotho,Southern Africa,Africa,Lebanon,The Lebanese Republic,UN member state,LB,LBN,422.0,.lb,Nicaragua,Republic,Daniel Ortega,Managua
Kiribati,811,811.0,0.0,Liberia,Western Africa,Africa,Lesotho,The Kingdom of Lesotho,UN member state,LS,LSO,426.0,.ls,Niger,Republic,Mohamed Bazoum,Niamey
North Korea,120540,120538.0,2.0,Libya,Northern Africa,Africa,Liberia,The Republic of Liberia,UN member state,LR,LBR,430.0,.lr,Nigeria,Republic,Muhammadu Buhari,Abuja
South Korea,100210,99909.0,301.0,Liechtenstein,Western Europe,Europe,Libya,The State of Libya,UN member state,LY,LBY,434.0,.ly,North Korea,Republic,Kim Jong-un,Pyongyang
Kosovo,10887,,,Lithuania,Northern Europe,Europe,Liechtenstein,The Principality of Liechtenstein,UN member state,LI,LIE,438.0,.li,North Macedonia,Republic,Dimitar Kovačevski,Skopje
Kuwait,17818,17818.0,0.0,Luxembourg,Western Europe,Europe,Lithuania,The Republic of Lithuania,UN member state,LT,LTU,440.0,.lt,Norway,Constitutional monarchy,Jonas Gahr Støre,Oslo
Kyrgyzstan,199951,191801.0,8150.0,Madagascar,Eastern Africa,Africa,Luxembourg,The Grand Duchy of Luxembourg,UN member state,LU,LUX,442.0,.lu,Oman,Absolute monarchy,Sultan and Haitham bin Tarik,Muscat
Laos,236800,230800.0,6000.0,Malawi,Eastern Africa,Africa,Macao,The Macao Special Administrative Region of China,China,MO,MAC,446.0,.mo,Pakistan,Republic,Shehbaz Sharif,Islamabad
Latvia,64559,62249.0,2340.0,Malaysia,South-eastern Asia,Asia,North Macedonia,The Republic of North Macedonia,UN member state,MK,MKD,807.0,.mk,Palau,Republic,Surangel Whipps Jr.,Melekeok
Lebanon,10452,10230.0,170.0,Maldives,Southern Asia,Asia,Madagascar,The Republic of Madagascar,UN member state,MG,MDG,450.0,.mg,Palestine,Republic,Mahmoud Abbas,East Jerusalem
Lesotho,30355,30355.0,0.0,Mali,Western Africa,Africa,Malawi,The Republic of Malawi,UN member state,MW,MWI,454.0,.mw,Panama,Republic,Laurentino Cortizo,Panama City
Liberia,111369,96320.0,15049.0,Malta,Southern Europe,Europe,Malaysia,Malaysia,UN member state,MY,MYS,458.0,.my,Papua New Guinea,Constitutional monarchy,James Marape,Port Moresby
Libya,1759540,1759540.0,0.0,Marshall Islands,Micronesia,Oceania,Maldives,The Republic of Maldives,UN member state,MV,MDV,462.0,.mv,Paraguay,Republic,Mario Abdo Benítez,Asunción
Liechtenstein,160,160.0,0.0,Martinique,Caribbean,North America,Mali,The Republic of Mali,UN member state,ML,MLI,466.0,.ml,Peru,Republic,Pedro Castillo,Lima
Lithuania,65300,62680.0,2620.0,Mauritania,Western Africa,Africa,Malta,The Republic of Malta,UN member state,MT,MLT,470.0,.mt,Philippines,Republic,Rodrigo Duterte,Manila
Luxembourg,2586,2586.0,0.0,Mauritius,Eastern Africa,Africa,Marshall Islands,The Republic of the Marshall Islands,UN member state,MH,MHL,584.0,.mh,Poland,Republic,Mateusz Morawiecki,Warsaw
Macau,31,28.0,0.0,Mayotte,Eastern Africa,Africa,Martinique,Martinique,France,MQ,MTQ,474.0,.mq,Portugal,Republic,António Costa,Lisbon
Madagascar,587041,581540.0,5501.0,Mexico,Central America,North America,Mauritania,The Islamic Republic of Mauritania,UN member state,MR,MRT,478.0,.mr,Qatar,Constitutional monarchy,Sheikh Tamim bin Hamad Al Thani,Doha
Malawi,118484,94080.0,24404.0,Micronesia,Micronesia,Oceania,Mauritius,The Republic of Mauritius,UN member state,MU,MUS,480.0,.mu,Romania,Republic,Klaus Iohannis,Bucharest
Malaysia,330803,329613.0,1190.0,Moldova,Eastern Europe,Europe,Mayotte,The Department of Mayotte,France,YT,MYT,175.0,.yt,Russia,Republic,Vladimir Putin,Moscow
Maldives,300,298.0,0.0,Monaco,Western Europe,Europe,Mexico,The United Mexican States,UN member state,MX,MEX,484.0,.mx,Rwanda,Republic,Paul Kagame,Kigali
Mali,1240192,1220190.0,20002.0,Mongolia,Eastern Asia,Asia,Micronesia,The Federated States of Micronesia,UN member state,FM,FSM,583.0,.fm,Saint Kitts and Nevis,Constitutional monarchy,Timothy Harris,Basseterre
Malta,316,316.0,0.0,Montenegro,Southern Europe,Europe,Moldova,The Republic of Moldova,UN member state,MD,MDA,498.0,.md,Saint Lucia,Constitutional monarchy,Philip J. Pierre,Castries
Marshall Islands,181,181.0,11673.0,Montserrat,Caribbean,North America,Monaco,The Principality of Monaco,UN member state,MC,MCO,492.0,.mc,Saint Vincent and the Grenadines,Constitutional monarchy,Ralph Gonsalves,Kingstown
Mauritania,1030700,1025520.0,4480.0,Morocco,Northern Africa,Africa,Mongolia,Mongolia,UN member state,MN,MNG,496.0,.mn,Samoa,Republic,Fiamē Naomi Mataʻafa,Apia
Mauritius,2040,2030.0,10.0,Mozambique,Eastern Africa,Africa,Montenegro,Montenegro,UN member state,ME,MNE,499.0,.me,San Marino,Republic,Luca Beccari,San Marino
Mexico,1964375,1943945.0,20430.0,Myanmar,South-eastern Asia,Asia,Montserrat,Montserrat,United Kingdom,MS,MSR,500.0,.ms,São Tomé and Príncipe,Republic,Carlos Vila Nova,São Tomé
Micronesia,702,702.0,,Namibia,Southern Africa,Africa,Morocco,The Kingdom of Morocco,UN member state,MA,MAR,504.0,.ma,Saudi Arabia,Absolute monarchy,Salman,Riyadh
Moldova,33846,32891.0,960.0,Nauru,Micronesia,Oceania,Mozambique,The Republic of Mozambique,UN member state,MZ,MOZ,508.0,.mz,Senegal,Republic,Macky Sall,Dakar
Monaco,2,2.0,0.0,Nepal,Southern Asia,Asia,Myanmar,The Republic of the Union of Myanmar,UN member state,MM,MMR,104.0,.mm,Serbia,Republic,Aleksandar Vučić,Belgrade
Mongolia,1564110,1553556.0,10560.0,Netherlands,Western Europe,Europe,Namibia,The Republic of Namibia,UN member state,,NAM,516.0,.na,Seychelles,Republic,Wavel Ramkalawan,Victoria
Montenegro,13812,13452.0,360.0,New Caledonia,Melanesia,Oceania,Nauru,The Republic of Nauru,UN member state,NR,NRU,520.0,.nr,Sierra Leone,Republic,Julius Maada Bio,Freetown
Montserrat,102,102.0,0.0,New Zealand,Australia and New Zealand,Oceania,Nepal,The Federal Democratic Republic of Nepal,UN member state,NP,NPL,524.0,.np,Singapore,Republic,Lee Hsien Loong,Singapore
Morocco,446550,446300.0,250.0,Nicaragua,Central America,North America,Netherlands,The Kingdom of the Netherlands,UN member state,NL,NLD,528.0,.nl,Slovakia,Republic,Eduard Heger,Bratislava
Mozambique,801590,786380.0,13000.0,Niger,Western Africa,Africa,New Caledonia,New Caledonia,France,NC,NCL,540.0,.nc,Slovenia,Republic,Janez Janša,Ljubljana
Myanmar,676578,653508.0,23070.0,Nigeria,Western Africa,Africa,New Zealand,New Zealand,UN member state,NZ,NZL,554.0,.nz,Solomon Islands,Constitutional monarchy,Manasseh Sogavare,Honiara
Namibia,825615,823290.0,2425.0,Niue,Polynesia,Oceania,Nicaragua,The Republic of Nicaragua,UN member state,NI,NIC,558.0,.ni,Somalia,Republic,Mohamed Abdullahi Mohamed,Mogadishu
Nauru,21,21.0,0.0,Norfolk Island,Australia and New Zealand,Oceania,Niger,The Republic of the Niger,UN member state,NE,NER,562.0,.ne,South Africa,Republic,Cyril Ramaphosa,Pretoria
Nepal,147181,143351.0,3830.0,North Macedonia,Southern Europe,Europe,Nigeria,The Federal Republic of Nigeria,UN member state,NG,NGA,566.0,.ng,Republic of Korea,Republic,Moon Jae-in,Seoul
Netherlands,41850,33893.0,7650.0,Northern Mariana Islands,Micronesia,Oceania,Niue,Niue,New Zealand,NU,NIU,570.0,.nu,South Sudan,Republic,Salva Kiir Mayardit,Juba
New Caledonia,18575,18275.0,300.0,Norway,Northern Europe,Europe,Norfolk Island,The Territory of Norfolk Island,Australia,NF,NFK,574.0,.nf,Spain,Constitutional monarchy,Pedro Sánchez,Madrid
New Zealand,270467,262443.0,4395.0,Oman,Western Asia,Asia,Northern Mariana Islands,The Commonwealth of the Northern Mariana Islands,United States,MP,MNP,580.0,.mp,Sri Lanka,Republic,Gotabaya Rajapaksa,Sri Jayawardenapura Kotte
Nicaragua,130373,119990.0,10380.0,Pakistan,Southern Asia,Asia,Norway,The Kingdom of Norway,UN member state,NO,NOR,578.0,.no,Sudan,Provisional,Abdel Fattah al-Burhan,Khartoum
Niger,1267000,1266700.0,300.0,Palau,Micronesia,Oceania,Oman,The Sultanate of Oman,UN member state,OM,OMN,512.0,.om,Suriname,Republic,Chan Santokhi,Paramaribo
Nigeria,923768,910768.0,13000.0,Palestine,Western Asia,Asia,Pakistan,The Islamic Republic of Pakistan,UN member state,PK,PAK,586.0,.pk,Sweden,Constitutional monarchy,Magdalena Andersson,Stockholm
Niue,260,260.0,0.0,Panama,Central America,North America,Palau,The Republic of Palau,UN member state,PW,PLW,585.0,.pw,Switzerland,Republic,Federal Council,Bern
Norfolk Island,36,36.0,0.0,Papua New Guinea,Melanesia,Oceania,Palestine,The State of Palestine,UN observer state,PS,PSE,275.0,.ps,Syria,Republic,Bashar al-Assad,Damascus
North Macedonia,25713,25433.0,280.0,Paraguay,Latin America,South America,Panama,The Republic of Panamá,UN member state,PA,PAN,591.0,.pa,Tajikistan,Republic,Emomali Rahmon,Dushanbe
Northern Cyprus,3355,,,Peru,Latin America,South America,Papua New Guinea,The Independent State of Papua New Guinea,UN member state,PG,PNG,598.0,.pg,Tanzania,Republic,Samia Suluhu Hassan,Dodoma
Northern Mariana Islands,464,464.0,0.0,Philippines,South-eastern Asia,Asia,Paraguay,The Republic of Paraguay,UN member state,PY,PRY,600.0,.py,Thailand,Constitutional monarchy,Prayut Chan-o-cha,Bangkok
Norway,385207,365957.0,19520.0,Pitcairn,Polynesia,Oceania,Peru,The Republic of Perú,UN member state,PE,PER,604.0,.pe,Togo,Republic,Faure Gnassingbé,Lomé
Oman,309500,309500.0,0.0,Poland,Eastern Europe,Europe,Philippines,The Republic of the Philippines,UN member state,PH,PHL,608.0,.ph,Tonga,Constitutional monarchy,Tupou VI,Nukualofa
Pakistan,881913,856690.0,25223.0,Portugal,Southern Europe,Europe,Pitcairn,"The Pitcairn, Henderson, Ducie and Oeno Islands",United Kingdom,PN,PCN,612.0,.pn,Trinidad and Tobago,Republic,Keith Rowley,Port of Spain
Palau,459,459.0,0.0,Puerto Rico,Caribbean,North America,Poland,The Republic of Poland,UN member state,PL,POL,616.0,.pl,Tunisia,Republic,Kaïs Saïed,Tunis
Palestine,6020,6000.0,220.0,Qatar,Western Asia,Asia,Portugal,The Portuguese Republic,UN member state,PT,PRT,620.0,.pt,Turkey,Republic,Recep Tayyip Erdoğan,Ankara
Panama,75417,74340.0,1080.0,Republic of Korea,Eastern Asia,Asia,Puerto Rico,The Commonwealth of Puerto Rico,United States,PR,PRI,630.0,.pr,Turkmenistan,Republic,Serdar Berdimuhamedow,Ashgabat
Papua New Guinea,462840,452860.0,9980.0,Réunion,Eastern Africa,Africa,Qatar,The State of Qatar,UN member state,QA,QAT,634.0,.qa,Tuvalu,Constitutional monarchy,Kausea Natano,Funafuti
Paraguay,406752,397302.0,9450.0,Romania,Eastern Europe,Europe,Réunion,Réunion,France,RE,REU,638.0,.re,Uganda,Republic,Yoweri Museveni,Kampala
Peru,1285216,1279996.0,5220.0,Russia,Eastern Europe,Europe,Romania,Romania,UN member state,RO,ROU,642.0,.ro,Ukraine,Republic,Volodymyr Zelenskyy,Kyiv
Philippines,300000,298170.0,1830.0,Rwanda,Eastern Africa,Africa,Russian Federation,The Russian Federation,UN member state,RU,RUS,643.0,.ru,United Arab Emirates,Constitutional monarchy,Sheikh Khalifa bin Zayed Al Nahyan,Abu Dhabi
Pitcairn Islands,47,47.0,0.0,Saint Barthélemy,Caribbean,North America,Rwanda,The Republic of Rwanda,UN member state,RW,RWA,646.0,.rw,United Kingdom,Constitutional monarchy,Boris Johnson,London
Poland,312696,311888.0,791.0,Saint Helena,Western Africa,Africa,Saint Barthélemy,The Collectivity of Saint-Barthélemy,France,BL,BLM,652.0,.bl,United States of America,Republic,Joe Biden,Washington D.C.
Portugal,92226,91119.0,1107.0,Saint Kitts and Nevis,Caribbean,North America,Saint Helena,"Saint Helena, Ascension and Tristan da Cunha",United Kingdom,SH,SHN,654.0,.sh,Uruguay,Republic,Luis Lacalle Pou,Montevideo
Puerto Rico,9104,9104.0,3054.0,Saint Lucia,Caribbean,North America,Saint Kitts and Nevis,Saint Kitts and Nevis,UN member state,KN,KNA,659.0,.kn,Uzbekistan,Republic,Shavkat Mirziyoyev,Tashkent
Qatar,11586,11586.0,0.0,Saint Martin,Caribbean,North America,Saint Lucia,Saint Lucia,UN member state,LC,LCA,662.0,.lc,Vanuatu,Republic,Bob Loughman,Port Vila
Romania,238397,231291.0,7100.0,Saint Pierre and Miquelon,Northern America,North America,Saint Martin,The Collectivity of Saint-Martin,France,MF,MAF,663.0,.mf,Vatican City,Absolute monarchy,Pope Francis,Vatican City
Russia,17098246,16378410.0,719836.0,Saint Vincent and the Grenadines,Caribbean,North America,Saint Pierre and Miquelon,The Overseas Collectivity of Saint-Pierre and Miquelon,France,PM,SPM,666.0,.pm,Venezuela,Republic,Nicolás Maduro,Caracas
Rwanda,26338,24668.0,1670.0,Samoa,Polynesia,Oceania,Saint Vincent and the Grenadines,Saint Vincent and the Grenadines,UN member state,VC,VCT,670.0,.vc,Vietnam,Republic,Nguyễn Phú Trọng,Hanoi
Saba,13,,,San Marino,Southern Europe,Europe,Samoa,The Independent State of Samoa,UN member state,WS,WSM,882.0,.ws,Yemen,Provisional,Rashad al-Alimi,Sana'a
Sahrawi Arab Democratic Republic,266000,266000.0,0.0,São Tomé and Príncipe,Middle Africa,Africa,San Marino,The Republic of San Marino,UN member state,SM,SMR,674.0,.sm,Zambia,Republic,Hakainde Hichilema,Lusaka
Saint Barthélemy,21,,,Sark,Northern Europe,Europe,Sao Tome and Principe,The Democratic Republic of São Tomé and Príncipe,UN member state,ST,STP,678.0,.st,Zimbabwe,Republic,Emmerson Mnangagwa,Harare
"Saint Helena, Ascension and Tristan da Cunha",308,308.0,0.0,Saudi Arabia,Western Asia,Asia,Saudi Arabia,The Kingdom of Saudi Arabia,UN member state,SA,SAU,682.0,.sa,,,,
Saint Kitts and Nevis,261,261.0,0.0,Senegal,Western Africa,Africa,Senegal,The Republic of Senegal,UN member state,SN,SEN,686.0,.sn,,,,
Saint Lucia,616,606.0,10.0,Serbia,Southern Europe,Europe,Serbia,The Republic of Serbia,UN member state,RS,SRB,688.0,.rs,,,,
Saint Martin,54,54.0,,Seychelles,Eastern Africa,Africa,Seychelles,The Republic of Seychelles,UN member state,SC,SYC,690.0,.sc,,,,
Saint Pierre and Miquelon,242,242.0,0.0,Sierra Leone,Western Africa,Africa,Sierra Leone,The Republic of Sierra Leone,UN member state,SL,SLE,694.0,.sl,,,,
Saint Vincent and the Grenadines,389,389.0,0.0,Singapore,South-eastern Asia,Asia,Singapore,The Republic of Singapore,UN member state,SG,SGP,702.0,.sg,,,,
Samoa,2842,2821.0,10.0,Sint Maarten,Caribbean,North America,Sint Maarten,Sint Maarten,Netherlands,SX,SXM,534.0,.sx,,,,
San Marino,61,61.0,0.0,Slovakia,Eastern Europe,Europe,Slovakia,The Slovak Republic,UN member state,SK,SVK,703.0,.sk,,,,
São Tomé and Príncipe,964,964.0,0.0,Slovenia,Southern Europe,Europe,Slovenia,The Republic of Slovenia,UN member state,SI,SVN,705.0,.si,,,,
Saudi Arabia,2149690,2149690.0,0.0,Solomon Islands,Melanesia,Oceania,Solomon Islands,The Solomon Islands,UN member state,SB,SLB,90.0,.sb,,,,
Senegal,196722,192530.0,4192.0,Somalia,Eastern Africa,Africa,Somalia,The Federal Republic of Somalia,UN member state,SO,SOM,706.0,.so,,,,
Serbia,88361,88246.0,115.0,South Africa,Southern Africa,Africa,South Africa,The Republic of South Africa,UN member state,ZA,ZAF,710.0,.za,,,,
Seychelles,452,455.0,0.0,South Georgia and the South Sandwich Islands,Latin America,South America,South Georgia and the South Sandwich Islands,South Georgia and the South Sandwich Islands,United Kingdom,GS,SGS,239.0,.gs,,,,
Sierra Leone,71740,71620.0,120.0,South Sudan,Eastern Africa,Africa,South Sudan,The Republic of South Sudan,UN member state,SS,SSD,728.0,.ss,,,,
Singapore,728,716.0,10.0,Spain,Southern Europe,Europe,Spain,The Kingdom of Spain,UN member state,ES,ESP,724.0,.es,,,,
Sint Eustatius,21,,,Sri Lanka,Southern Asia,Asia,Sri Lanka,The Democratic Socialist Republic of Sri Lanka,UN member state,LK,LKA,144.0,.lk,,,,
Sint Maarten,34,34.0,0.0,Sudan,Northern Africa,Africa,Sudan,The Republic of the Sudan,UN member state,SD,SDN,729.0,.sd,,,,
Slovakia,49037,48105.0,930.0,Suriname,Latin America,South America,Suriname,The Republic of Suriname,UN member state,SR,SUR,740.0,.sr,,,,
Slovenia,20273,20151.0,122.0,Svalbard and Jan Mayen Islands,Northern Europe,Europe,Svalbard,Svalbard and Jan Mayen,Norway,SJ,SJM,744.0,,,,,
Solomon Islands,28896,27986.0,910.0,Sweden,Northern Europe,Europe,Sweden,The Kingdom of Sweden,UN member state,SE,SWE,752.0,.se,,,,
Somalia,637657,627337.0,10320.0,Switzerland,Western Europe,Europe,Switzerland,The Swiss Confederation,UN member state,CH,CHE,756.0,.ch,,,,
Somaliland,176120,,,Syria,Western Asia,Asia,Syrian Arab Republic,The Syrian Arab Republic,UN member state,SY,SYR,760.0,.sy,,,,
South Africa,1221037,1214470.0,4620.0,Tajikistan,Central Asia,Asia,Taiwan,The Republic of China,Disputed,TW,TWN,158.0,.tw,,,,
South Georgia and the South Sandwich Islands,3903,3903.0,0.0,Tanzania,Eastern Africa,Africa,Tajikistan,The Republic of Tajikistan,UN member state,TJ,TJK,762.0,.tj,,,,
South Ossetia,3900,,,Thailand,South-eastern Asia,Asia,Tanzania,The United Republic of Tanzania,UN member state,TZ,TZA,834.0,.tz,,,,
South Sudan,644329,644329.0,0.0,Timor-Leste,South-eastern Asia,Asia,Thailand,The Kingdom of Thailand,UN member state,TH,THA,764.0,.th,,,,
Spain,505992,498980.0,6390.0,Togo,Western Africa,Africa,Timor-Leste,The Democratic Republic of Timor-Leste,UN member state,TL,TLS,626.0,.tl,,,,
Spratly Islands,4,4.0,0.0,Tokelau,Polynesia,Oceania,Togo,The Togolese Republic,UN member state,TG,TGO,768.0,.tg,,,,
Sri Lanka,65610,62732.0,2878.0,Tonga,Polynesia,Oceania,Tokelau,Tokelau,New Zealand,TK,TKL,772.0,.tk,,,,
Sudan,1861484,1731671.0,129813.0,Trinidad and Tobago,Caribbean,North America,Tonga,The Kingdom of Tonga,UN member state,TO,TON,776.0,.to,,,,
Suriname,163820,156000.0,7820.0,Tunisia,Northern Africa,Africa,Trinidad and Tobago,The Republic of Trinidad and Tobago,UN member state,TT,TTO,780.0,.tt,,,,
Svalbard,62045,62045.0,0.0,Turkey,Western Asia,Asia,Tunisia,The Republic of Tunisia,UN member state,TN,TUN,788.0,.tn,,,,
Sweden,450295,410335.0,39960.0,Turkmenistan,Central Asia,Asia,Turkey,The Republic of Turkey,UN member state,TR,TUR,792.0,.tr,,,,
Switzerland,41284,39997.0,1280.0,Turks and Caicos Islands,Caribbean,North America,Turkmenistan,Turkmenistan,UN member state,TM,TKM,795.0,.tm,,,,
Syria,185180,183630.0,1550.0,Tuvalu,Polynesia,Oceania,Turks and Caicos Islands,The Turks and Caicos Islands,United Kingdom,TC,TCA,796.0,.tc,,,,
Taiwan,36193,32260.0,3720.0,U.S. Virgin Islands,Caribbean,North America,Tuvalu,Tuvalu,UN member state,TV,TUV,798.0,.tv,,,,
Tajikistan,143100,141510.0,2590.0,Uganda,Eastern Africa,Africa,Uganda,The Republic of Uganda,UN member state,UG,UGA,800.0,.ug,,,,
Tanzania,945087,885800.0,61500.0,Ukraine,Eastern Europe,Europe,Ukraine,Ukraine,UN member state,UA,UKR,804.0,.ua,,,,
Thailand,513120,510890.0,2230.0,United Arab Emirates,Western Asia,Asia,United Arab Emirates,The United Arab Emirates,UN member state,AE,ARE,784.0,.ae,,,,
Togo,56785,54385.0,2400.0,United Kingdom,Northern Europe,Europe,United Kingdom of Great Britain and Northern Ireland,The United Kingdom of Great Britain and Northern Ireland,UN member state,GB,GBR,826.0,.uk,,,,
Tokelau,12,12.0,0.0,United States of America,Northern America,North America,United States Minor Outlying Islands,"Baker Island, Howland Island, Jarvis Island, Johnston Atoll, Kingman Reef, Midway Atoll, Navassa Island, Palmyra Atoll, and Wake Island",United States,UM,UMI,581.0,,,,,
Tonga,747,717.0,30.0,United States Minor Outlying Islands,Micronesia,Oceania,United States of America,The United States of America,UN member state,US,USA,840.0,.us,,,,
Transnistria,4163,,,Uruguay,Latin America,South America,Uruguay,The Oriental Republic of Uruguay,UN member state,UY,URY,858.0,.uy,,,,
Trinidad and Tobago,5130,5128.0,0.0,Uzbekistan,Central Asia,Asia,Uzbekistan,The Republic of Uzbekistan,UN member state,UZ,UZB,860.0,.uz,,,,
Tunisia,163610,155360.0,8250.0,Vanuatu,Melanesia,Oceania,Vanuatu,The Republic of Vanuatu,UN member state,VU,VUT,548.0,.vu,,,,
Turkey,783562,769632.0,13930.0,Venezuela,Latin America,South America,Venezuela,The Bolivarian Republic of Venezuela,UN member state,VE,VEN,862.0,.ve,,,,
Turkmenistan,488100,469930.0,18170.0,Vietnam,South-eastern Asia,Asia,Viet Nam,The Socialist Republic of Viet Nam,UN member state,VN,VNM,704.0,.vn,,,,
Turks and Caicos Islands,948,430.0,0.0,Wallis and Futuna,Polynesia,Oceania,British Virgin Islands,The Virgin Islands,United Kingdom,VG,VGB,92.0,.vg,,,,
Tuvalu,26,26.0,0.0,Western Sahara,Northern Africa,Africa,United States Virgin Islands,The Virgin Islands of the United States,United States,VI,VIR,850.0,.vi,,,,
Uganda,241550,197100.0,43938.0,Yemen,Western Asia,Asia,Wallis and Futuna,The Territory of the Wallis and Futuna Islands,France,WF,WLF,876.0,.wf,,,,
Ukraine,603500,579300.0,24200.0,Zambia,Eastern Africa,Africa,Western Sahara,The Sahrawi Arab Democratic Republic,Disputed,EH,ESH,732.0,,,,,
United Arab Emirates,83600,83600.0,0.0,Zimbabwe,Eastern Africa,Africa,Yemen,The Republic of Yemen,UN member state,YE,YEM,887.0,.ye,,,,
United Kingdom,242495,241930.0,1680.0,,,,Zambia,The Republic of Zambia,UN member state,ZM,ZMB,894.0,.zm,,,,
United States of America,9525067,9147593.0,377424.0,,,,Zimbabwe,The Republic of Zimbabwe,UN member state,ZW,ZWE,716.0,.zw,,,,
United States Minor Outlying Islands,6959,34.0,6937.0,,,,,,,,,,,,,,
U.S. Virgin Islands,347,346.0,1564.0,,,,,,,,,,,,,,
Uruguay,176215,175015.0,1200.0,,,,,,,,,,,,,,
Uzbekistan,447400,425400.0,22000.0,,,,,,,,,,,,,,
Vanuatu,12189,12189.0,0.0,,,,,,,,,,,,,,
Vatican City,0,0.0,0.0,,,,,,,,,,,,,,
Venezuela,916445,882050.0,30000.0,,,,,,,,,,,,,,
Vietnam,331212,310070.0,21140.0,,,,,,,,,,,,,,
Wallis and Futuna,142,142.0,0.0,,,,,,,,,,,,,,
Yemen,555000,555000.0,0.0,,,,,,,,,,,,,,
Zambia,752612,743398.0,9220.0,,,,,,,,,,,,,,
Zimbabwe,390757,386847.0,3910.0,,,,,,,,,,,,,,
